SampleID,Date,Study_day,ADH,ADD,ARF_sector,Sorting1,Sorting,Treatment,Gravimetric,pH,EC,  Na (ug/gdw soil) ,  K (ug/gdw soil) ,  mg (ug/gdw soil) ,  Ca (ug/gdw soil) ,  Al (ug/gdw soil) ,  Cu (ug/gdw soil) ,  Fe (ug/gdw soil) ,  Mn (ug/gdw soil) ,  Zn (ug/gdw soil) ,  Co (ug/gdw soil) ,  S180 (ug/gdw soil) ,  P (ug/gdw soil) ,  B (ug/gdw soil) ,  Se (ug/gdw soil) ,  S182 (ug/gdw soil) ,  Na (umolcharge/gdw soil) ,  K (umolcharge/gdw soil) ,  Mg (umolcharge/gdw soil) ,  Ca (umolcharge/gdw soil) 
D3_J_con_09Apr2021,44295,0,0,0,1_J,a_con,a_4.9,D3_con,0.535882747,7.575,69.88,1.490036997,57.50603617,13.91342005,199.3838878,7.147073811,0.039395888,1.854250522,0.329422928,0.045214445,0.001490711,8.851232691,1.646056182,0.671551885,0.008079497,6.979745154,0.064813045,1.470806561,1.144901876,9.949792294
D3_J_gr_09Apr2021,44295,0,0,0,1_J,b_4.9,a_4.9,D3_grave,0.530427626,6.92,55.185,2.135366221,41.45682021,12.1768869,161.0175111,11.07171577,0.045353188,2.528050149,0.564067467,0.063262428,0.001482648,10.91041588,2.324059812,0.570340946,0.021735367,9.245785628,0.092883323,1.060322833,1.002006739,8.035206901
D3_H_con_09Apr2021,44295,0,0,0,2_H,a_con,a_4.9,D3_con,0.349828105,7.51,54.05,2.889222683,13.70300081,6.151646457,97.51495958,11.73470113,0.042834528,4.105483515,0.577935557,0.036304419,0.004258362,4.876741401,0.386471127,0.299736571,0.003347318,3.940820153,0.125674275,0.350475617,0.506204193,4.866258774
D3_H_gr_09Apr2021,44295,0,0,0,2_H,b_4.9,a_4.9,D3_grave,0.296225732,7.57,44.06,2.220426697,13.73643046,4.714041077,67.37808336,7.461158025,0.041784226,3.916777175,0.413489439,0.035866585,0.00232961,4.000394213,0.373986738,0.253401021,0.004574387,3.310306438,0.09658325,0.351330632,0.387907104,3.36234759
D3_F_con_09Apr2021,44295,0,0,0,3_F,a_con,a_4.9,D3_con,0.365179861,7.615,103.915,1.270684802,21.18849617,6.612579265,171.3349448,7.541126538,0.074035578,1.533331063,0.727346602,0.02394193,0.004067736,5.892289337,0.712791979,0.407656181,-0.000639763,4.304952569,0.055271749,0.541928835,0.544133245,8.550074594
D3_F_gr_09Apr2021,44295,0,0,0,3_F,b_4.9,a_4.9,D3_grave,0.294816266,6.78,41.185,3.570578864,12.73510236,4.530886865,43.81061967,10.94821119,0.033773252,2.206459845,1.115486289,0.034730119,0.007380023,6.203642761,0.485995901,0.346423916,-0.000166544,5.614914768,0.155311639,0.325720105,0.372835784,2.186267761
D3_J_con_12Apr2021,44298,3,1305,54.4,1_J,a_con,b_4.12,D3_con,0.461015085,7.155,53.995,1.779155072,53.37848694,11.95148588,161.5190883,8.15948162,0.047226112,2.346644492,0.495349529,0.041524631,-0.000141549,7.662944278,1.545706051,0.509828104,0.005363149,6.082436298,0.07738899,1.365238052,0.983459031,8.060236951
D3_J_gr_12Apr2021,44298,3,1305,54.4,1_J,c_4.12,b_4.12,D3_grave,0.537827431,7.285,76.405,3.487937997,48.90572963,14.01051186,203.8010283,6.547920918,0.045989547,1.566789628,0.345019009,0.030369149,-0.00074764,10.09288252,2.252691665,0.483875254,0.019853497,8.075315906,0.151716959,1.250840308,1.152891328,10.17021949
D3_H_con_12Apr2021,44298,3,1305,54.4,2_H,a_con,b_4.12,D3_con,0.320929229,7.56,43.835,2.577389294,16.41914157,6.737005617,111.2897039,11.93151257,0.04675777,4.224308889,0.689995539,0.043264823,0.00742947,5.075253136,0.565251179,0.267917225,0.011829891,4.016873741,0.112110269,0.419945153,0.554371991,5.553655568
D3_H_gr_12Apr2021,44298,3,1305,54.4,2_H,c_4.12,b_4.12,D3_grave,0.327260611,7.635,34.07,3.722498148,10.39195726,5.185049629,86.08418225,7.273983086,0.035899048,3.133621107,0.301816366,0.018957126,0.002146357,3.532981275,0.350102469,0.174314983,0.010794401,2.7235283,0.161919765,0.265790514,0.426665265,4.29583224
D3_F_con_12Apr2021,44298,3,1305,54.4,3_F,a_con,b_4.12,D3_con,0.368623985,7.81,112.15,1.598734242,14.21431308,7.06065362,177.7189753,6.495952479,0.069406728,1.32733086,0.618106313,0.024223189,0.003364361,6.288147421,0.745847317,0.30707018,0.005693254,4.61903846,0.069541115,0.363553225,0.581004207,8.868654886
D3_F_gr_12Apr2021,44298,3,1305,54.4,3_F,c_4.12,b_4.12,D3_grave,0.28995714,7.005,36.965,5.841358283,13.04000303,7.378559696,69.33341598,13.48388124,0.047909241,3.363678308,1.010234752,0.059370004,0.011472441,6.977086204,0.456746958,0.174485566,0.002878322,6.13430375,0.254085112,0.333518415,0.607163933,3.459923947
D3_J_con_14Apr2021,44300,5,2143,89.9,1_J,a_con,c_4.14,D3_con,0.399005077,7.535,51.4,1.357675005,47.24775866,11.44609491,169.3730883,7.527865669,0.076970194,1.77996353,0.416085504,0.033668752,0.000434573,6.685235507,1.397126547,0.586563476,0.003776012,5.036080627,0.059055615,1.208435115,0.941871624,8.452172676
D3_J_gr_14Apr2021,44300,5,2143,89.9,1_J,d_4.14,c_4.14,D3_grave,0.46914211,7.2,127.7,13.69426086,43.86186584,12.85059286,179.9806424,7.685494296,0.04466782,1.795223191,0.424788186,0.034585991,-0.000871115,9.258095187,2.156952874,0.481220081,0.017683649,7.436573473,0.595667589,1.121835626,1.057444383,8.981518159
D3_H_con_14Apr2021,44300,5,2143,89.9,2_H,a_con,c_4.14,D3_con,0.276138689,7.47,41.275,1.763511485,10.78687918,5.248040518,85.4414047,12.70169774,0.028501831,3.953371953,0.615693806,0.03614891,0.004709223,3.70780008,0.316963569,0.187727757,-0.000388586,2.85926935,0.076708531,0.275891258,0.431848633,4.263755911
D3_H_gr_14Apr2021,44300,5,2143,89.9,2_H,d_4.14,c_4.14,D3_grave,0.291264142,7.36,32.09,6.426775701,12.42616653,4.055053739,55.37374386,7.964832069,0.037761408,4.26031378,0.413364463,0.034680068,0.001904944,4.326856875,0.34879418,0.198235332,0.007554269,3.671483381,0.279549369,0.317818589,0.33368062,2.76329876
D3_F_con_14Apr21,44300,5,2143,89.9,3_F,a_con,c_4.14,D3_con,0.351308434,7.535,90.39,1.344864159,11.91545118,6.204153699,139.3378063,8.343964433,0.063702172,1.613406556,0.915235703,0.031131871,0.006371661,5.375248388,0.813909399,0.30419628,0.010947204,4.058452846,0.058498374,0.304756247,0.510524888,6.95333132
D3_F_gr_14Apr2021,44300,5,2143,89.9,3_F,d_4.14,c_4.14,D3_grave,0.319155964,6.97,39.235,4.788025555,22.33806786,5.84653527,57.29394208,12.86404782,0.057267395,2.768685516,1.276613798,0.05016674,0.016465804,6.255151616,0.973512812,0.212593822,0.007941702,5.487689532,0.208267658,0.571330924,0.481097327,2.859121816
D3_J_con_16Apr2021,44302,7,2805,116.9,1_J,a_con,d_4.16,D3_con,0.355343073,7.54,63.98,4.718328885,11.76008608,5.336369271,54.12874597,15.41299002,0.052934534,3.4858756,1.508169434,0.052370797,0.014826462,7.831561813,0.471329104,0.340652545,0.00770972,6.960083052,0.20523602,0.300782542,0.439116994,2.701170017
D3_J_gr_16Apr2021,44302,7,2805,116.9,1_J,e_4.16,d_4.16,D3_grave,0.445407825,7.26,90.86,10.32041278,45.71776604,13.50003734,178.4987338,8.337506828,0.039497879,1.91308709,0.504758987,0.044418626,0.001008141,10.34027329,2.062779591,0.397918801,0.012548204,8.371434056,0.448913268,1.169303168,1.110885607,8.907566934
D3_H_con_16Apr2021,44302,7,2805,116.9,2_H,a_con,d_4.16,D3_con,0.340258956,7.595,68.455,3.080463209,18.42366146,6.355361277,108.3889298,13.38266902,0.038849978,3.680777437,0.631089064,0.047258406,0.00459672,6.11332987,0.78534106,0.243571153,0.000972935,4.939186549,0.133992781,0.471213875,0.522967396,5.408899135
D3_H_gr_16Apr2021,44302,7,2805,116.9,2_H,e_4.16,d_4.16,D3_grave,0.254471152,7.615,38.205,3.983904221,12.08067552,4.477082987,66.40090383,7.168824033,0.02770525,3.637360092,0.339122622,0.02227626,0.000728378,2.879882017,0.17184437,0.157140196,0.001009231,2.237575579,0.173290304,0.308982117,0.368408392,3.313583703
D3_F_con_16Apr2021,44302,7,2805,116.9,3_F,a_con,d_4.16,D3_con,0.391260501,7.905,131.1,1.62850821,14.70345156,8.786713832,245.077223,3.538323382,0.07142194,0.794847003,0.325450002,0.01391785,0.00173551,6.74112679,1.170266717,0.285724673,0.022970418,4.509641251,0.070836211,0.376063705,0.72303755,12.23001262
D3_F_gr_16Apr2021,44302,7,2805,116.9,3_F,e_4.16,d_4.16,D3_grave,0.277561475,6.8,34.485,4.526742154,11.0826769,5.197500686,51.87897777,14.05784996,0.046112168,3.243329214,1.438423794,0.063190848,0.013385004,7.134364694,0.539198462,0.321457497,0.006184404,6.316231418,0.196902455,0.283456746,0.427689832,2.588900533
D3_J_con_19Apr2021,44305,10,3757,156.5,1_J,a_con,e_4.19,D3_con,0.359846715,7.285,57.935,1.517466973,49.28605936,12.5578454,178.9484469,6.145983038,0.048181567,1.933122319,0.367937792,0.035808127,0.000930143,9.358409891,1.742346471,0.509409439,0.016117833,7.438640845,0.066006183,1.260567834,1.033354898,8.930008828
D3_J_gr_19Apr2021,44305,10,3757,156.5,1_J,f_4.19,e_4.19,D3_grave,0.438713907,6.775,263.15,43.80928972,50.29438831,14.66807772,224.0580039,3.870360804,0.045903878,1.021688387,0.208070654,0.021903893,-0.000625252,12.32608017,0.586068231,0.496902012,0.012136005,9.857624791,1.905599304,1.28635742,1.207000841,11.18109705
D3_H_con_19Apr2021,44305,10,3757,156.5,2_H,a_con,e_4.19,D3_con,0.278500169,7.56,54.82,2.022862864,13.11099554,5.35242156,87.94844782,15.04249106,0.030303606,4.137924896,0.575396499,0.042956211,0.003918689,3.608733426,0.328035834,0.223266604,0.001869364,2.748681793,0.087989696,0.335334159,0.440437898,4.388864106
D3_H_gr_19Apr2021,44305,10,3757,156.5,2_H,f_4.19,e_4.19,D3_grave,0.237019468,7.235,47.985,3.959804105,11.56322541,5.190772868,73.79632007,7.498166468,0.033150649,4.363023362,0.489151301,0.035225143,0.00275259,3.524765072,0.295901437,0.140349702,0.00758201,2.75440291,0.172242006,0.295747524,0.427136216,3.682634866
D3_F_con_19Apr2021,44305,10,3757,156.5,3_F,a_con,e_4.19,D3_con,0.362801879,7.685,138,1.61732249,18.24742243,8.812312741,205.9255598,4.217114208,0.073179989,0.95847702,0.47478914,0.018195543,0.001968971,6.437810815,1.164564757,0.25209883,0.019848228,4.481340294,0.070349659,0.466706287,0.725144023,10.27623932
D3_F_gr_19Apr2021,44305,10,3757,156.5,3_F,f_4.19,e_4.19,D3_grave,0.255512656,6.56,46.12,7.955462196,13.13797911,7.50921714,70.16611753,8.67757652,0.038062135,1.693246635,1.038937469,0.038319331,0.007638652,6.607565794,0.8688813,0.205388577,0.010059157,5.664815382,0.346043575,0.336024306,0.61791542,3.501477994
D3_J_con_23Apr2021,44309,14,4751,198,1_J,a_con,f_4.23,D3_con,0.324391974,7.085,54,1.586809963,50.45564998,11.65500556,160.2716431,6.27264674,0.062729586,1.818964614,0.376826748,0.034424847,0.000333268,8.596636977,1.866607789,0.425790449,0.002489254,6.840536815,0.069022438,1.290481939,0.959062379,7.997986081
D3_J_gr_23Apr2021,44309,14,4751,198,1_J,g_4.23,f_4.23,D3_grave,0.384958358,6.965,248.8,39.97093909,59.47291223,13.2605881,202.9841475,4.058441457,0.058727403,0.813626286,0.247410979,0.03259976,0.000625135,16.85549046,2.499675794,0.612348793,0.018298879,14.31067266,1.738640234,1.521112484,1.091181905,10.12945494
D3_H_con_23Apr2021,44309,14,4751,198,2_H,a_con,f_4.23,D3_con,0.256439843,7.47,56.805,1.739153035,10.16768337,5.323912814,90.66980366,11.04955628,0.029641465,2.75976141,0.340706101,0.040906198,0.002881592,3.544662288,0.304470203,0.237508519,2.72E-05,2.657081507,0.075648997,0.26005436,0.438091982,4.524667082
D3_H_gr_23Apr2021,44309,14,4751,198,2_H,g_4.23,f_4.23,D3_grave,0.230038341,7.35,113.05,18.45766515,18.28339037,5.596706506,85.55408187,9.245749741,0.034802427,3.753781828,0.521602817,0.028296556,0.004476497,7.661234911,0.304107283,0.148768198,-0.005853774,6.53659713,0.80286428,0.467626223,0.460539519,4.269378805
D3_F_con_23Apr2021,44309,14,4751,198,3_F,a_con,f_4.23,D3_con,0.299828837,7.61,132.6,1.523685237,19.31554424,7.417107397,248.9170378,3.494260021,0.075081802,0.839543301,0.376639897,0.011234155,0.002012952,6.988249067,0.72820149,0.301054291,0.022739268,4.630803731,0.066276663,0.494025168,0.610335931,12.42162971
D3_F_gr_23Apr2021,44309,14,4751,198,3_F,g_4.23,f_4.23,D3_grave,0.22761843,6.655,44.975,12.75619326,10.88252768,7.374666144,69.64144301,8.193452675,0.035637106,1.697089545,1.307040764,0.033230214,0.012764447,6.002635034,0.732796107,0.184670011,0.006236256,5.084833626,0.554863892,0.278337618,0.606843542,3.475295324
D3_J_con_26Apr2021,44312,17,5577,232.4,1_J,a_con,g_4.26,D3_con,0.565244147,7.22,69.655,1.800232045,66.63212674,12.12359333,147.8065985,10.82292687,0.053777124,3.691724822,0.474348337,0.047863895,0.000324044,8.86327964,1.825949129,0.513874045,0.007252385,7.140184951,0.078305788,1.70422056,0.99762134,7.37594683
D3_J_gr_26Apr2021,44312,17,5577,232.4,1_J,h_4.26,g_4.26,D3_grave,0.560302578,6.55,217.1,130.0551092,100.8094569,22.11516278,304.9413746,2.172008138,0.064213059,0.639632489,1.256227479,0.046635419,0.000684316,22.5933657,11.69454971,1.259092987,0.03662188,18.99109099,5.657086137,2.578359082,1.819803562,15.21739481
D3_H_con_26Apr2021,44312,17,5577,232.4,2_H,a_con,g_4.26,D3_con,0.375820593,7.65,62.48,2.247960897,22.22139947,6.888910943,122.0361817,11.36688805,0.037362909,3.173156615,0.537687719,0.035626574,0.003101954,5.187228452,0.546149787,0.280895432,-0.006988189,3.930693687,0.097780922,0.568346948,0.566871915,6.089933712
D3_H_gr_26Apr2021,44312,17,5577,232.4,2_H,h_4.26,g_4.26,D3_grave,0.310417733,7.64,331.7,158.1178711,96.72573206,10.39469613,135.8963753,16.81364941,0.125339425,9.853203005,1.406794851,0.081122828,0.065092784,35.25402291,24.05245206,0.153714645,0.002261729,32.49595193,6.87774915,2.47391145,0.855354547,6.781594654
D3_F_con26Apr2021,44312,17,5577,232.4,3_F,a_con,g_4.26,D3_con,0.388937717,7.62,146.7,1.387910368,21.19240742,6.961644169,193.0979508,7.589347223,0.072199948,1.427713414,0.811740856,0.024377571,0.005482717,6.410442999,0.758917077,0.344705207,0.015680999,4.497095393,0.060370781,0.542028871,0.572856957,9.636107129
D3_F_gr_26Apr2021,44312,17,5577,232.4,3_F,h_4.26,g_4.26,D3_grave,0.326968638,6.74,76.825,18.31669575,20.1778035,15.0543677,142.79926,0.840954872,0.029848922,0.255894494,1.537106213,0.019923458,0.002882575,9.58873034,1.190771011,0.273463437,0.012500045,7.866661437,0.796732449,0.516078794,1.238787715,7.12606717
D3_J_con_28Apr2021,44314,19,6570,273.7,1_J,a_con,h_4.28,D3_con,0.496424835,6.99,65.215,1.854295565,57.03308477,11.17628833,134.9982514,10.55531304,0.050488748,3.857866013,0.52178334,0.053580757,0.000409851,8.397406012,1.632560075,0.524596689,0.010808782,6.827285011,0.080657421,1.458710092,0.919669889,6.73677586
D3_J_gr_28Apr2021,44314,19,6570,273.7,1_J,i_4.28,h_4.28,D3_grave,0.51259742,6.565,327.15,123.3336449,100.0323045,25.49879593,378.2150366,1.520050885,0.059110113,0.775784837,1.911375076,0.051819663,0.000562515,21.92717154,9.955655324,1.219863771,0.046924684,17.7093019,5.364718519,2.558482199,2.098234596,18.87394763
D3_H_con_28Apr2021,44314,19,6570,273.7,2_H,a_con,h_4.28,D3_con,0.265854249,7.465,62.24,2.739452024,13.44980473,5.335690278,92.52681727,13.60262316,0.035674081,4.002250936,0.613928721,0.044380127,0.005023729,4.509899047,0.444006609,0.190246278,-0.004617679,3.511571591,0.11915961,0.343999732,0.439061121,4.617337056
D3_H_gr_28Apr2021,44314,19,6570,273.7,2_H,i_4.28,h_4.28,D3_grave,0.260515969,7.45,483.4,167.548384,54.57767031,7.506905555,106.8792213,12.91471646,0.098673422,6.72727963,0.812584577,0.055440236,0.029653041,33.45278916,1.317089124,0.108739745,0.012530162,30.98580076,7.287953903,1.395909037,0.617725205,5.333560622
D3_F_con_28Apr2021,44314,19,6570,273.7,3_F,a_con,h_4.28,D3_con,0.411698421,6.94,80.895,2.442706421,23.55771456,4.641842326,116.2382935,14.95331336,0.073071699,2.860431587,1.39007582,0.054663935,0.010510447,6.502060925,0.626019845,0.552231206,0.002231275,5.180089856,0.106251886,0.60252529,0.381966042,5.8006035
D3_F_gr_28Apr2021,44314,19,6570,273.7,3_F,i_4.28,h_4.28,D3_grave,0.319616337,6.905,82.845,32.99670979,32.79985763,26.6196021,272.408385,0.240224001,0.033352842,0.122987683,8.759830298,1.159568657,0.007010675,12.99123616,2.427486042,0.401784545,0.039054955,10.12665341,1.435277943,0.838907513,2.19046304,13.59391112
D3_J_con_30Apr2021,44316,21,7586,316.1,1_J,a_con,i_4.30,D3_con,0.403478058,7.295,62.01,1.95882669,38.39985853,10.24174666,149.0719756,8.780932369,0.034968647,1.997342437,0.491188417,0.041047399,-0.000118096,6.151548126,1.310715821,0.504625852,0.00533289,4.60901494,0.085204275,0.98213627,0.842768702,7.439092548
D3_J_gr_30Apr2021,44316,21,7586,316.1,1_J,j_4.30,i_4.30,D3_grave,0.474699301,6.63,449.5,323.1873628,99.22642006,25.09407616,377.9128848,2.230019956,0.052669248,1.433565252,3.259318529,0.055885887,0.003399445,27.93249757,9.062245738,1.231066262,0.051480926,23.44930595,14.05787717,2.537870446,2.064931179,18.85886945
D3_H_con_30Apr2021,44316,21,7586,316.1,2_H,a_con,i_4.30,D3_con,0.303699206,7.27,61.685,3.038886484,15.73001432,6.186130271,107.5280403,11.48518505,0.034308763,3.574654346,0.53230374,0.036376809,0.003555577,4.754337018,0.686256359,0.229333195,-0.011214245,3.611250855,0.132184293,0.402319649,0.509041783,5.365938433
D3_H_gr_30Apr2021,44316,21,7586,316.1,2_H,j_4.30,i_4.30,D3_grave,0.21756383,7.27,291.85,70.13113925,33.92696779,5.934858898,78.760062,10.60493889,0.064233939,5.843614231,0.73908313,0.052485672,0.010183447,20.99175846,0.765931769,0.122833379,-0.008302526,19.09242364,3.050536793,0.867735114,0.488365266,3.930338939
D3_F_con_30Apr2021,44316,21,7586,316.1,3_F,a_con,i_4.30,D3_con,0.319372824,7.25,197.42,1.231741262,8.117072247,2.630069102,68.45163001,10.7235273,0.061624206,1.87589781,1.126688285,0.038356117,0.007116549,3.619581285,0.410256066,0.289925599,-0.006571599,2.851472453,0.053577798,0.207606782,0.216422061,3.415920456
D3_F_gr_30Apr2021,44316,21,7586,316.1,3_F,j_4.30,i_4.30,D3_grave,0.297175845,6.44,93.095,22.29804307,24.16269813,18.67871601,181.6497834,0.653024498,0.027682443,0.252131686,10.66354546,0.062699065,0.009517599,10.77153365,1.406588775,0.255233512,0.014520437,8.644544477,0.969911533,0.617998689,1.537026621,9.064812787
D3_J_1_CON_7May2021,44323,28,10547,439.4,1_J,a_con,j_5.7,D3_con,0.679551174,7.26,49.825,1.881428197,48.78767123,11.135742,168.8864153,8.321911037,0.044146883,1.964717101,0.406980238,0.04047365,0.000246822,7.624028756,1.917387316,0.685606093,-0.000513442,5.814066753,0.081837626,1.247820781,0.916333429,8.427886386
D3_J_1_GR_7May2021,44323,28,10547,439.4,1_J,k_5.7,j_5.7,D3_grave,0.678056565,6.11,320.15,198.4984492,175.3611067,37.19657276,473.109744,2.640722284,0.070498719,1.73192546,18.28442295,0.162078629,0.012368144,30.20842219,33.99737214,2.073559399,0.059120711,24.77119723,8.634207703,4.485133796,3.06081652,23.60944877
D3_H_2_CON_7May2021,44323,28,10547,439.4,2_H,a_con,j_5.7,D3_con,0.364997797,7.335,43.815,2.685967484,17.95270984,5.459044388,95.0597394,11.54454946,0.035655116,3.939736037,0.534385915,0.037300855,0.00468296,5.095884471,0.521654328,0.271681969,0.016951788,4.0353426,0.11683316,0.459168553,0.449211634,4.743736684
D3_H_2_GR_7May2021,44323,28,10547,439.4,2_H,k_5.7,j_5.7,D3_grave,0.280561105,6.88,180,55.01927933,24.99587125,6.673178898,100.8835693,1.117340991,0.037850698,0.575881857,0.037729334,0.079282884,0.003139691,15.9360525,0.529668711,0.176231969,0.019971749,14.10789438,2.393207037,0.639308391,0.549119844,5.03436146
D3_F_3_CON_7May2021,44323,28,10547,439.4,3_F,a_con,j_5.7,D3_con,0.372756938,7.23,108.95,1.790354896,24.91991964,4.806070523,114.8526594,11.71242495,0.088373814,2.307818346,1.156271089,0.036546267,0.028342077,6.22012801,0.468517384,0.337962128,0.020196009,4.941684554,0.077876155,0.63736581,0.395479985,5.73145663
D3_F_3_GR_7May2021,44323,28,10547,439.4,3_F,k_5.7,j_5.7,D3_grave,0.31554384,6.25,379.3,80.57157281,75.5331532,35.33269693,317.2219938,0.387980124,0.044120501,0.374594344,33.06444669,0.129052664,0.044336247,27.82165009,3.907099427,0.408997888,0.048045461,23.88138654,3.504670678,1.931878194,2.907442661,15.83023074
D3_J_con_12May2021,44328,33,12394,516.4,1_J,a_con,k_5.12,D3_con,0.644472302,7.34,72.86,2.172030405,46.50164172,11.25138475,166.6920455,9.715946145,0.047898464,2.176802273,0.473842462,0.047104445,0.00065215,7.08825706,1.471735432,0.615005577,0.017177798,5.326300388,0.094478127,1.189352011,0.925849393,8.318381433
D3_J_gr_12May2021,44328,33,12394,516.4,1_J,l_5.12,k_5.12,D3_grave,0.690825871,5.84,345.25,316.4255468,190.6789516,37.71116389,445.3967215,5.890645867,0.084267267,3.620134722,25.72862483,0.190116909,0.023501125,33.54817616,41.6686971,1.868722562,0.078356341,28.35048195,13.76375435,4.876911569,3.103160986,22.22649441
D3_H_con_12May2021,44328,33,12394,516.4,2_H,a_con,k_5.12,D3_con,0.387040967,7.575,55.705,2.125290995,12.58468329,5.633489558,101.4545851,12.36893774,0.033409037,2.881998086,0.443695771,0.063331953,0.002764844,3.488932492,0.478110982,0.243381008,0.015342527,2.470691704,0.092445074,0.321872902,0.463566308,5.062856683
D3_H_gr_12May2021,44328,33,12394,516.4,2_H,l_5.12,k_5.12,D3_grave,0.281921217,6.57,398.3,176.6037724,105.4366211,21.88077491,248.7990522,1.539235841,0.079686669,1.598840819,10.81865976,0.050460843,0.049006709,44.31325456,15.38624468,0.437131146,0.035214191,40.57940881,7.681841638,2.696706024,1.800516347,12.41574191
D3_F_con_12May2021,44328,33,12394,516.4,3_F,a_con,k_5.12,D3_con,0.395788172,7.715,138.9,1.491632052,19.27352722,7.062303925,201.0351252,4.906572754,0.065225807,0.958180843,0.442683882,0.018267106,0.002075738,6.381243962,0.794129726,0.256979933,0.005990997,4.368882722,0.064882426,0.492950517,0.581140006,10.03219348
D3_F_gr_12May2021,44328,33,12394,516.4,3_F,l_5.12,k_5.12,D3_grave,0.335677556,5.735,324,73.79522559,66.78522192,33.46671881,301.2567448,0.568160625,0.040903864,0.364978693,47.42755039,0.140096179,0.061423115,21.94538503,2.451278005,0.450214711,0.043316882,18.32007193,3.209915784,1.708136209,2.753895808,15.03352187
J_1_con_14May2021,44330,35,12994,541.4,1_J,a_con,l_5.14,D3_con,0.572224338,6.985,73.75,2.976043899,60.25876445,11.4914007,139.742367,12.03524592,0.054021685,3.293665061,0.577560033,0.060027547,0.002678151,13.17025027,1.606167311,0.517319298,0.010381156,11.16851985,0.12945079,1.54121188,0.945599729,6.973519985
J_1_gr_14May2021,44330,35,12994,541.4,1_J,m_5.14,l_5.14,D3_grave,0.588739555,6.5,238.55,154.6368961,94.22425779,18.65124726,267.4085879,7.520275271,0.06755942,3.172833116,1.623410279,0.284619234,0.003116348,23.66103023,3.997668027,1.065554428,0.052356648,20.02935788,6.726335065,2.409932345,1.534766284,13.3444078
H_2_con_14May2021,44330,35,12994,541.4,2_H,a_con,l_5.14,D3_con,0.326142575,7.4,57.335,2.421926011,13.4057849,5.298435336,94.25276694,12.37958673,0.03849601,2.77805961,0.434989734,0.036320844,0.002085461,4.467026992,0.38877919,0.20174676,0.009818134,3.439485367,0.105347988,0.342873856,0.435995502,4.703466587
H_2_gr_14May2021,44330,35,12994,541.4,2_H,m_5.14,l_5.14,D3_grave,0.278721728,6.6,297.9,146.7813832,75.66101345,10.36143422,128.5384864,5.721568144,0.099174707,4.069507064,2.76080097,0.04623052,0.028041543,30.97156319,3.731447341,0.38998841,0.015205763,28.25501098,6.384639047,1.935148419,0.852617504,6.414416209
F_3_con_14May2021,44330,35,12994,541.4,3_F,a_con,l_5.14,D3_con,0.397738432,7.335,128.25,1.831138902,14.50153272,6.190652247,203.5400017,8.884823086,0.088461647,1.701720513,0.968411525,0.039350183,0.007456311,8.345785991,0.752483472,0.445851107,0.015421525,6.168676792,0.079650162,0.370899316,0.509413886,10.15719356
F_3_gr_14May2021,44330,35,12994,541.4,3_F,m_5.14,l_5.14,D3_grave,0.296560738,5.755,263.5,93.05260179,59.71656695,28.1477879,239.4610863,1.425282275,0.057111365,1.163716626,37.63222544,0.148826053,0.069752063,25.13811374,4.556801313,0.396841872,0.048347863,21.93665985,4.047565582,1.527344333,2.316213775,11.9497523
D3_J_con_17May2021,44333,38,14260,594.2,1_J,a_con,m_5.17,D3_con,0.442797764,6.785,51.18,1.668983307,54.92045427,13.36043291,193.2447633,5.275338659,0.035101977,1.301427053,0.274680693,0.027225272,-0.0016961,7.721766789,1.41311663,0.445293386,0.013004182,5.648172309,0.072596781,1.404676272,1.099397894,9.643433469
D3_J_gr_17May2021,44333,38,14260,594.2,1_J,n_5.17,m_5.17,D3_grave,0.553934136,5.81,457.45,307.4278758,165.0189064,42.17544124,571.4513851,4.779283968,0.075689915,5.364479489,31.73074494,0.272330975,0.026273414,31.55316393,32.54405377,1.587041389,0.054918845,25.37677039,13.37237718,4.220615893,3.470515633,28.51696118
D3_H_con_17May2021,44333,38,14260,594.2,2_H,a_con,m_5.17,D3_con,0.317732168,7,65.33,3.932718334,16.92566338,5.574750928,96.03389886,12.00324787,0.040430596,3.076546628,0.517723028,0.059014438,0.004245366,4.912519518,0.607814973,0.224174654,0.009647763,3.830952037,0.17106384,0.432900238,0.458732847,4.792349861
D3_H_gr_17May2021,44333,38,14260,594.2,2_H,n_5.17,m_5.17,D3_grave,0.247866164,6.71,441,155.2439782,65.3791169,7.116733062,93.50422118,9.535000113,0.091009501,5.13152166,0.971739289,0.084506929,0.020420618,32.94587924,1.214996701,0.292060449,0.015987183,30.53627684,6.752741683,1.67217288,0.585618849,4.66611214
D3_F_con_17May2021,44333,38,14260,594.2,3_F,a_con,m_5.17,D3_con,0.326530297,7.05,46.79,2.018116778,16.72392566,4.013993636,94.84098781,10.138168,0.063099286,1.66070112,1.036633486,0.037843266,0.007379637,5.436225745,0.834276775,0.38931349,0.006726317,4.295914405,0.087783252,0.427740481,0.330301883,4.732820391
D3_F_gr_17May2021,44333,38,14260,594.2,3_F,n_5.17,m_5.17,D3_grave,0.313098048,5.475,302.8,177.0099011,124.5043746,33.66372355,241.5359977,1.715702762,0.073738299,1.958237457,67.95552506,0.178260842,0.135012093,34.37886549,28.2841674,0.482053169,0.071533586,30.87736757,7.699507264,3.184393556,2.770106855,12.05329596
D3_J_con_19May2021,44335,40,15257,635.7,1_J,a_con,n_5.19,D3_con,0.360822052,6.675,36.185,1.986870901,47.92384257,9.756955852,124.9458807,8.110555363,0.050705014,2.903282186,0.464884079,0.05306327,0.000786892,8.999412719,1.801481187,0.481592788,0.002642283,7.38942672,0.086424131,1.225727016,0.802876433,6.235135521
D3_J_gr_19May2021,44335,40,15257,635.7,1_J,o_5.19,n_5.19,D3_grave,0.46553533,5.48,196.45,178.6017713,66.67952911,13.53455771,216.3318231,6.273561613,0.053808183,2.523064877,0.570023404,0.108810127,0.001244461,12.48161475,0.910523553,0.645242108,0.031923407,9.932756164,7.768749809,1.70543295,1.113726205,10.79553985
D3_H_con_19May2021,44335,40,15257,635.7,2_H,a_con,n_5.19,D3_con,0.31547533,6.84,62.715,3.167095259,25.27542411,9.737898351,179.6814144,4.35217871,0.032197787,1.236058205,0.160045673,0.01292619,0.00127366,5.940075279,0.907017152,0.234574992,0.002085395,4.118656204,0.137761068,0.646458391,0.801308237,8.966585878
D3_H_gr_19May2021,44335,40,15257,635.7,2_H,o_5.19,n_5.19,D3_grave,0.231588936,5.885,294.2,165.2661258,93.33263095,13.47950723,150.7844466,3.283281559,0.087282435,3.482529085,7.009809795,0.074107932,0.039221385,26.53614808,5.96695145,0.409472149,0.014064742,23.89451709,7.188681131,2.387127598,1.109196234,7.524549458
D3_F_con_19May2021,44335,40,15257,635.7,3_F,a_con,n_5.19,D3_con,0.299269377,6.885,58.205,1.444095707,8.250331974,3.023351363,67.6374544,12.46727061,0.065427631,1.840546749,1.257854235,0.058620689,0.00863274,4.249728606,0.495461579,0.339593146,0.008403765,3.438649894,0.062814709,0.211015107,0.248784313,3.375290903
D3_F_gr_19May2021,44335,40,15257,635.7,3_F,o_5.19,n_5.19,D3_grave,0.279528136,6.19,232.15,41.2279604,38.74426731,36.81721844,353.3990244,0.784187139,0.037517646,0.36181955,69.96299604,0.137935099,0.078926586,14.26080573,1.748601167,0.316142994,0.05903637,10.65832257,1.793317654,0.990945062,3.029600366,17.63556187
D3_J_con_21May2021,44337,42,16336,680.7,1_J,a_con,o_5.21,D3_con,0.29656504,7.265,63.255,2.158203082,57.37886149,12.05665181,181.009299,4.58399225,0.055617998,1.359045496,0.285610948,0.032070252,0.000919597,7.821834006,1.769576685,0.39172097,0.014060475,5.857528097,0.093876671,1.46755387,0.992112883,9.032850891
D3_J_gr_21May2021,44337,42,16336,680.7,1_J,p_5.21,o_5.21,D3_grave,0.45695313,5.875,307.35,192.5780603,125.3507626,29.08604951,384.5975077,4.564060051,0.071919406,3.762183467,7.405448017,0.137447614,0.010959892,28.89094429,15.37462625,1.313730479,0.038784438,24.2041261,8.376684948,3.206041251,2.393421067,19.19245011
D3_H_con_21May2021,44337,42,16336,680.7,2_H,a_con,o_5.21,D3_con,0.249770539,7.4,53.875,2.29785471,16.32779132,5.846024841,100.1306998,9.86402185,0.037213626,2.391223211,0.416884805,0.033538773,0.001708588,4.89404245,0.598595587,0.243690325,-0.003851399,3.779210167,0.099951183,0.417608728,0.481055325,4.996791246
D3_H_gr_21May2021,44337,42,16336,680.7,2_H,p_5.21,o_5.21,D3_grave,0.241197947,6.47,383.15,175.2960059,105.1933565,18.85513726,197.5861786,2.288718594,0.084752412,3.589066236,12.46355965,0.066287773,0.060751666,42.73063922,19.1194477,0.376781176,0.029213631,39.6253939,7.624956921,2.690484151,1.551543901,9.86008177
D3_F_con_21May2021,44337,42,16336,680.7,3_F,a_con,o_5.21,D3_con,0.373552289,7.03,61.325,2.880029755,18.86119425,4.955634153,127.9340294,12.07182069,0.082548537,2.655474179,1.328679565,0.065208079,0.01002775,8.24903964,1.076013928,0.561032367,0.014019339,6.681827048,0.125274405,0.482404459,0.407787217,6.384252176
D3_F_gr_21May2021,44337,42,16336,680.7,3_F,p_5.21,o_5.21,D3_grave,0.297557471,5.625,348.8,67.34356763,86.62629301,38.02942868,340.0201658,1.219496946,0.054611455,1.594554388,105.5196266,0.210128563,0.2167321,18.50909845,3.912900324,0.379247186,0.081375293,14.8820561,2.929284096,2.215602546,3.129350231,16.96792084
D3_J_con_24May2021,44340,45,18054,752.3,1_J,a_con,p_5.24,D3_con,0.265521643,7.125,42.905,1.700506446,49.21383643,10.43628528,139.3308444,7.244491497,0.046583386,1.752393166,0.47082233,0.044895465,0.00118166,7.233341909,1.890379798,0.477983494,0.021056021,5.617351218,0.073967963,1.25872062,0.858776818,6.952983903
D3_J_gr_24May2021,44340,45,18054,752.3,1_J,q_5.24,p_5.24,D3_grave,0.439409293,5.79,304.65,160.1614644,129.8903748,26.94104935,334.4302222,7.162518571,0.079476498,4.730068758,7.291750466,0.152969561,0.015009702,27.16628351,14.61478385,1.264432705,0.040749126,22.87983384,6.96664057,3.322148913,2.216914162,16.68896762
D3_H_con_24May2021,44340,45,18054,752.3,2_H,a_con,p_5.24,D3_con,0.221094647,7.07,41.985,5.591092086,20.86949104,6.777789304,119.5518559,6.15973378,0.052229578,1.755529862,0.269714028,0.049089492,0.007809966,10.68314873,0.930645143,0.229198759,0.000607336,9.034967245,0.243199131,0.533769781,0.557727982,5.965959176
D3_H_gr_24May2021,44340,45,18054,752.3,2_H,q_5.24,p_5.24,D3_grave,0.252511318,6.03,397.35,306.1341542,146.6192876,23.10374382,194.1698647,1.736487304,0.087823113,3.628826428,18.68940363,0.134471014,0.091575129,60.76713244,20.68316582,0.459915305,0.031677383,57.59974845,13.31610339,3.750016948,1.901151518,9.689598517
D3_F_con_24May2021,44340,45,18054,752.3,3_F,a_con,p_5.24,D3_con,0.276116787,7.385,45.67,2.393405514,15.8515452,5.055901073,128.2644599,11.74436182,0.085704254,2.070444345,1.269830015,0.051104123,0.010118228,7.203246021,0.877160563,0.431768214,0.019070641,5.682604547,0.104107414,0.40542799,0.416037941,6.400741549
D3_F_gr_24May2021,44340,45,18054,752.3,3_F,q_5.24,p_5.24,D3_grave,0.260204647,5.505,263.3,105.5229929,84.74277395,32.12185302,288.2412763,1.507904044,0.058468216,2.438729773,64.92924013,0.198257054,0.146881189,33.31027028,11.78859552,0.352921178,0.060133816,29.46298975,4.589997764,2.167428608,2.643230037,14.38401499
J_1_con_26_May2021,44342,47,19288,803.7,1_J,a_con,q_5.26,D3_con,0.254250012,7.215,60.865,2.161688993,48.9403897,11.81862143,180.5814438,3.495738402,0.051745224,0.654547319,0.33061761,0.029209546,-0.00042011,8.526321952,1.943979681,0.480626716,0.014904348,6.487536963,0.0940283,1.251726794,0.972525935,9.011499765
J_1_gr_26_May2021,44342,47,19288,803.7,1_J,r_5.26,q_5.26,D3_grave,0.344241856,6.01,485.15,188.1671019,100.9928394,29.39640106,411.116006,8.967321079,0.061494808,8.655566992,5.683127641,0.11574782,0.007292547,31.17621057,15.90254717,1.102721436,0.026427113,26.09459828,8.184818806,2.583049377,2.418959149,20.5157945
H_2_con_26_May2021,44342,47,19288,803.7,2_H,a_con,q_5.26,D3_con,0.208267647,7.225,27.005,2.42343195,12.59553058,5.083917691,94.40220021,8.47685025,0.035706692,1.533144265,0.523820679,0.028237212,0.003643564,4.401669485,0.576182785,0.217667758,0.007242793,3.322405435,0.105413493,0.322150338,0.418343361,4.710923709
H_2_gr_26_May2021,44342,47,19288,803.7,2_H,r_5.26,q_5.26,D3_grave,0.18741901,6.035,305.5,115.2620928,72.9974712,24.24128444,301.9727327,1.74916526,0.055640191,5.553986075,14.10864896,0.073793993,0.031664222,18.57768191,4.448055752,0.437129973,0.014152292,15.0323189,5.013625312,1.867024172,1.994757,15.06925159
F_3_con_26_May2021,44342,47,19288,803.7,3_F,a_con,q_5.26,D3_con,0.226442507,7.22,30.625,1.499021315,10.58043533,3.589892031,85.53109969,7.484053865,0.06691682,0.927644895,0.889820724,0.029576686,0.006289084,4.989822355,0.663121747,0.340552872,0.020285065,3.930866048,0.065203841,0.270611135,0.295403582,4.268231932
F_3_gr_26_May2021,44342,47,19288,803.7,3_F,r_5.26,q_5.26,D3_grave,0.279004561,5.705,307.35,117.4442384,85.2774966,30.80348718,249.4589992,1.490348358,0.061610214,1.688705217,85.21895446,0.204480028,0.179650527,22.09157054,10.07383863,0.329029524,0.070655563,18.92313542,5.108543426,2.181104974,2.534744882,12.44867504
J_1_con_28_May2021,44344,49,20522,855.1,1_J,a_con,r_5.28,D3_con,0.340221334,7.16,57.19,3.539120302,51.84095288,13.36781761,170.8855562,5.386799477,0.072429071,1.254327265,0.339503558,0.037414091,0.000532555,11.03562296,1.999769109,0.475679881,0.001456882,8.869575319,0.153943267,1.325913221,1.100005564,8.527648894
J_1_gr_28_May2021,44344,49,20522,855.1,1_J,s_5.28,r_5.28,D3_grave,0.228059548,5.785,481.25,239.5134982,136.6690017,34.4399705,513.1357144,5.987526406,0.081278726,7.5705692,26.07542545,0.230854645,0.035537218,29.43071388,31.12857727,1.21024014,0.036783933,23.69140358,10.41826422,3.495522866,2.83398235,25.60685236
H_2_con_28_May2021,44344,49,20522,855.1,2_H,a_con,r_5.28,D3_con,0.21101014,7.375,65.02,4.465364736,13.75542222,5.395140527,97.37482885,9.296470113,0.046148028,2.521930736,0.374196838,0.050473337,0.003763178,6.470393896,1.076686191,0.236403839,0.001722511,5.226246785,0.194232684,0.351816376,0.443953139,4.859265874
H_2_gr_28_May2021,44344,49,20522,855.1,2_H,s_5.28,r_5.28,D3_grave,0.204844961,5.98,506.8,178.2014447,136.4239768,37.18304471,424.2765904,0.477723167,0.076430791,0.453222559,50.53070118,0.150014505,0.14288702,39.41283637,13.10396148,0.427708928,0.045201849,34.20590031,7.751336561,3.489255973,3.05970333,21.17254306
F_3_con_28_May2021,44344,49,20522,855.1,3_F,a_con,r_5.28,D3_con,0.239584006,7.2,75.945,1.848530101,10.76054315,4.006460056,118.2840539,12.14758999,0.06928815,1.934520274,1.338491052,0.049924436,0.010456327,6.559684598,0.673293036,0.44085751,0.00635805,5.129572774,0.080406637,0.275217673,0.329681963,5.902692447
F_3_gr_28_May2021,44344,49,20522,855.1,3_F,s_5.28,r_5.28,D3_grave,0.269974054,5.75,316.05,105.74961,85.9431551,36.61604515,263.9505237,4.042556245,0.069626321,6.705104628,110.1448569,0.288960613,0.301169737,24.20107773,14.10216349,0.396544325,0.087406708,20.90326286,4.599855067,2.198130228,3.013046299,13.1718411
J_1_con_2_June2021,44349,54,22703,945.9,1_J,a_con,s_6.2,D3_con,0.451716606,7.095,57.38,2.389610203,50.67140704,9.701273423,138.3989247,9.054174287,0.042269628,2.188137797,0.501664901,0.040015015,0.000728827,7.267711539,1.522001826,0.447396121,0.014323684,5.611285829,0.103942328,1.296000262,0.79829446,6.906478601
J_1_gr_2_June2021,44349,54,22703,945.9,1_J,t_6.2,s_6.2,D3_grave,0.451909392,5.9,454.3,241.7646535,120.0352147,30.44799231,430.4227906,6.622738711,0.104650287,6.818577405,13.12442255,0.080946795,0.028379775,32.00896471,9.771701698,1.068582596,0.051149803,26.62826399,10.51618409,3.070087822,2.505492065,21.47925498
H_2_con_2_June2021,44349,54,22703,945.9,2_H,a_con,s_6.2,D3_con,0.300675291,7.44,62.855,2.594363532,14.78164823,5.589432787,95.00270927,12.25015286,0.03502155,3.487534733,0.604823495,0.038413167,0.003208819,3.997201176,0.455338371,0.214512753,0.004134276,2.949259371,0.112848608,0.378063707,0.459940982,4.740890727
H_2_gr_2_June2021,44349,54,22703,945.9,2_H,t_6.2,s_6.2,D3_grave,0.201394659,6.055,316.3,166.1652387,96.88883646,17.25790916,191.2851512,2.110775126,0.067928289,2.546579739,13.18651399,0.059533677,0.056936665,31.41328462,6.610943,0.359772225,0.018617471,28.20755476,7.22779039,2.4780831,1.420111842,9.545643557
F_3_con_2_June2021,44349,54,22703,945.9,3_F,a_con,s_6.2,D3_con,0.349924256,7.19,67.935,1.901517208,22.66208621,6.311531091,183.8008879,13.42650254,0.069330167,2.658533513,1.335336386,0.047470574,0.010997994,7.892909007,0.728407824,0.451565505,0.015014169,5.805138157,0.08271145,0.579618198,0.519360715,9.172158685
F_3_gr_2_June2021,44349,54,22703,945.9,3_F,t_6.2,s_6.2,D3_grave,0.319924322,6.08,181,64.54832828,76.44123933,16.14714948,117.7392157,7.994876317,0.070790993,2.816966163,37.2305467,0.076650989,0.133358529,20.63019183,3.214051738,0.343417128,0.029095062,18.47987961,2.807697871,1.955103913,1.328710099,5.875503556
J_1_con_4_June2021,44351,56,23694,987.2,1_J,a_con,t_6.4,D3_con,0.623100967,7.43,58.455,2.611740645,70.71211334,11.74378891,155.9301699,8.635683045,0.04961744,2.147761925,0.439039178,0.046011146,0.000590929,8.714869126,1.772026872,0.459870836,0.012363147,6.821822846,0.11360447,1.808572581,0.966368147,7.781334893
J_1_gr_4_June2021,44351,56,23694,987.2,1_J,u_6.4,t_6.4,D3_grave,0.64328483,6.81,343,223.7760711,137.4738779,18.52638629,228.7052858,20.95162393,0.137807697,7.488767197,3.32875673,0.167620878,0.017866739,36.48415103,7.281318822,0.748922445,0.024755946,32.51718585,9.733723786,3.516108831,1.524491774,11.41300892
H_2_con_4_June2021,44351,56,23694,987.2,2_H,a_con,t_6.4,D3_con,0.381432181,7.625,52.65,2.654833534,13.68418976,5.435856843,95.17207398,13.68591794,0.038080234,3.312891322,0.554265742,0.03852539,0.003039599,4.692115313,0.460826448,0.224326907,0.00192594,3.563561806,0.115478908,0.349994495,0.447303587,4.749342481
H_2_gr_4_June2021,44351,56,23694,987.2,2_H,u_6.4,t_6.4,D3_grave,0.261331821,5.91,396.2,274.9879566,124.2351156,8.958648463,74.37253409,13.35451043,0.150375808,7.72042306,8.063881426,0.126127514,0.085952248,40.71815781,32.17233847,0.410511068,0.017854401,38.34324637,11.9613183,3.177506838,0.737185638,3.711389495
F_3_con_4_June2021,44351,56,23694,987.2,3_F,a_con,t_6.4,D3_con,0.347904459,7.775,115.515,2.157388907,13.30746763,4.902787969,148.2948588,11.05003796,0.06213083,1.996126101,1.183791551,0.042635298,0.007270522,7.350171702,0.584614564,0.349992888,0.008514925,5.587504878,0.093841257,0.340359239,0.403438631,7.400312331
F_3_gr_4_June2021,44351,56,23694,987.2,3_F,u_6.4,t_6.4,D3_grave,0.360027385,5.655,338.8,95.05539588,103.4038794,27.09519083,191.7358475,8.941141991,0.076038361,5.674140056,72.13455855,0.247229108,0.289608484,35.32148811,17.30210219,0.270732437,0.065332388,32.03141353,4.134682334,2.644715483,2.229598094,9.568134513
J_1_con_9_June2021,44356,61,26588,1107.8,1_J,a_con,u_6.09,D3_con,0.588563679,7.51,69.91,2.148152053,59.70760859,10.27576128,139.7319729,9.845767667,0.043274984,2.347147348,0.453131037,0.04274509,-7.15E-05,6.400313202,1.469199401,0.381242797,0.009380977,4.806676669,0.093439476,1.527115209,0.845567684,6.973001292
J_1_gr_9_June2021,44356,61,26588,1107.8,1_J,v_6.09,u_6.09,D3_grave,0.688217894,6.335,264,182.2548857,126.5393184,24.26804667,287.9955644,24.47230879,0.110531619,10.4637468,9.051960483,0.158208827,0.031920792,25.23909479,18.78883728,1.10607075,0.054431292,21.31242238,7.927651548,3.236440418,1.996959199,14.3717533
H_2_con_9_June2021,44356,61,26588,1107.8,2_H,a_con,u_6.09,D3_con,0.391588865,7.71,43.89,3.010286813,21.08292001,6.354505395,109.8644121,11.02576199,0.036044985,3.023825877,0.51821052,0.034613659,0.004305649,5.843039061,0.73947446,0.212859173,0.006757627,4.533522763,0.130940275,0.53922856,0.522896967,5.482529672
H_2_gr_9_June2021,44356,61,26588,1107.8,2_H,v_6.09,u_6.09,D3_grave,0.214555258,6.13,468.15,251.7298053,160.6848896,18.96292445,122.5456336,4.887189777,0.108770214,6.444000194,27.3665628,0.167401234,0.179144566,45.75262522,34.7045783,0.316041038,0.036972524,43.15185229,10.94964436,4.109766656,1.56041345,6.115356737
F_3_con_9_June2021,44356,61,26588,1107.8,3_F,a_con,u_6.09,D3_con,0.390967615,7.705,85.75,1.811181614,16.11663632,5.187345627,162.9049727,13.79775924,0.08399312,4.286517615,1.470779304,0.055945276,0.012982694,8.298058175,0.742520519,0.472997612,0.000422796,6.378504482,0.078782068,0.412208109,0.426854197,8.129396311
F_3_gr_9_June2021,44356,61,26588,1107.8,3_F,v_6.09,u_6.09,D3_grave,0.300523907,6.105,159.65,75.0480673,70.14996473,18.50329569,156.6850994,11.62574256,0.074806033,7.551019366,35.02416746,0.093398655,0.116302445,19.35021798,4.733844557,0.264839599,0.036760757,16.89515814,3.264411401,1.794194753,1.522591704,7.819007902
J_1_con_14_June2021,44361,66,29519,1230,1_J,a_con,v_6.14,D3_con,0.648141816,7.43,40.865,2.331722847,68.8346406,9.496153183,120.0904502,9.408814422,0.052814843,2.32303863,0.456499108,0.044124485,3.77E-05,6.838035662,2.147670846,0.41160197,0.006962347,5.344782985,0.101424366,1.760553287,0.781415609,5.992836477
J_1_gr_14_June2021,44361,66,29519,1230,1_J,w_6.14,v_6.14,D3_grave,0.684025506,6.68,216.75,157.6035338,124.8055602,20.63014492,247.2463268,10.44644744,0.125638112,4.229744095,9.439228202,0.150190168,0.026483195,33.11216546,27.2777666,1.02546114,0.045632389,28.99610767,6.855376708,3.192096847,1.697605013,12.33825674
H_2_con_14_June2021,44361,66,29519,1230,2_H,a_con,v_6.14,D3_con,0.386110315,7.515,36.1,4.152216479,12.03855249,4.893882449,85.01660538,13.29340499,0.035352601,3.590561817,0.559477121,0.04049402,0.002548831,5.474562586,0.555267049,0.190384308,0.003440443,4.356195806,0.180611484,0.307904755,0.402705818,4.242557282
H_2_gr_14_June2021,44361,66,29519,1230,2_H,w_6.14,v_6.14,D3_grave,0.314740152,6.41,324.75,185.9745621,109.7828932,14.32270662,109.8180159,5.025866615,0.079825958,3.517013015,15.35978873,0.104861184,0.090740078,31.80362723,25.84271089,0.348211777,0.027479849,29.16285037,8.089448572,2.807868711,1.178581083,5.480214378
F_3_con_14_June2021,44361,66,29519,1230,3_F,a_con,v_6.14,D3_con,0.394735982,7.375,93.925,1.72725743,20.41842655,5.916741523,161.1483183,16.21437733,0.065691048,3.196372254,1.615238427,0.054657363,0.01119994,6.870287365,0.576195242,0.388871343,0.002546284,5.02199919,0.075131566,0.522233103,0.486874431,8.041734533
F_3_gr_14_June2021,44361,66,29519,1230,3_F,w_6.14,v_6.14,D3_grave,0.347544085,5.985,236.8,62.76320489,55.44875539,23.41174547,198.4725998,1.481955948,0.040763409,1.168339228,36.35349218,0.061041665,0.060767989,13.86632206,0.999456201,0.27214561,0.039265285,11.30960824,2.730049274,1.418188397,1.926496233,9.904316573
J_1_con_23_June2021,44370,75,34715,1446.4,1_J,a_con,w_6.23,D3_con,0.602554629,7.495,50.54,2.261144366,56.7570161,9.096236802,122.7020588,11.22266274,0.040153695,2.619010578,0.52642262,0.051578586,6.67E-08,7.682674547,1.46775668,0.351474752,0.009459815,6.092718491,0.098354371,1.451649205,0.748507451,6.12316277
J_1_gr_23_June2021,44370,75,34715,1446.4,1_J,x_6.23,w_6.23,D3_grave,0.752649904,6.945,293.8,262.9914277,116.8710871,19.36864387,231.2395983,30.34978256,0.145160177,12.12870601,5.090544084,0.265583415,0.035305992,38.15268984,8.289574415,0.436585529,0.026093202,33.98025676,11.43949799,2.989160323,1.593799125,11.53947793
H_2_con_23_June2021,44370,75,34715,1446.4,2_H,a_con,w_6.23,D3_con,0.344407761,7.355,44.495,3.56223027,15.25025124,5.944793573,105.0546156,10.78890054,0.042280773,3.976447182,0.553283242,0.039102816,0.006940884,5.806030809,0.572735558,0.180864182,-0.004165147,4.508686495,0.154948495,0.39004896,0.489182767,5.242507891
H_2_gr_23_June2021,44370,75,34715,1446.4,2_H,x_6.23,w_6.23,D3_grave,0.218569648,6.3,261.75,123.4529586,53.38668345,16.47612676,209.5745103,1.201567413,0.056946972,1.702720559,12.89053358,0.046642167,0.048301496,21.33602074,2.843725367,0.302503012,0.016773327,18.22923816,5.369908382,1.365447691,1.355780848,10.45833177
F_3_con_23_June2021,44370,75,34715,1446.4,3_F,a_con,w_6.23,D3_con,0.358154969,7.48,41.805,1.444269103,11.01405173,3.283007733,84.92182387,11.42989185,0.047524658,1.877186671,1.183316987,0.029497098,0.007196324,3.95650472,0.400860399,0.265492,0.011806743,2.964962306,0.062822251,0.28170155,0.270150811,4.23782743
F_3_gr_23_June2021,44370,75,34715,1446.4,3_F,x_6.23,w_6.23,D3_grave,0.323265829,6.27,217.85,71.44315947,57.22504359,24.78646706,187.9687812,1.73860068,0.049737305,1.10142892,101.5995885,0.139401566,0.195729899,13.72109871,1.754981142,0.244727158,0.075063463,11.46423257,3.107606534,1.463619738,2.039618766,9.380147774
J_1_con_7_July2021,44384,89,43101,1795.9,1_J,a_con,x_7.7,D3_con,0.268311346,7.425,63.24,2.109996598,43.47119411,10.08412209,158.0473859,4.069592157,0.043757811,0.644488362,0.275958925,0.02121167,0.000533062,6.310870617,1.283629365,0.339493106,0.01182271,4.524585657,0.091779805,1.111843587,0.829798156,7.886989667
J_1_gr_7_July2021,44384,89,43101,1795.9,1_J,y_7.7,x_7.7,D3_grave,0.483205725,5.755,562.5,306.7534805,129.8116182,25.86154996,305.7043396,36.21885078,0.154520677,12.73735249,23.93684397,0.215370587,0.073963462,39.40930903,23.8914043,1.136519843,0.047628372,34.65386948,13.3430426,3.32013459,2.128084753,15.25546881
H_2_con_7_July2021,44384,89,43101,1795.9,2_H,a_con,x_7.7,D3_con,0.229340029,7.59,75.375,2.638706318,17.80178081,6.124801132,109.7204516,6.350471128,0.030375291,1.323266328,0.386455797,0.021577292,0.003210239,4.517127992,0.76513326,0.232712157,-0.001850135,3.276918755,0.114777413,0.455308308,0.503995156,5.475345655
H_2_gr_7_July2021,44384,89,43101,1795.9,2_H,y_7.7,x_7.7,D3_grave,0.184113209,6.21,346.45,170.1446703,86.83176387,15.12284608,149.6889859,15.46131261,0.097316484,9.554167776,29.37228258,0.106986031,0.156211408,24.09494299,9.16939189,0.384485986,0.038128128,21.42030475,7.400886145,2.220857783,1.244422636,7.469883021
F_3_con_7_July2021,44384,89,43101,1795.9,3_F,a_con,x_7.7,D3_con,0.309287062,7.255,140.2,1.775807735,30.78905182,7.027436277,201.4115691,8.096058257,0.064472786,1.700454645,0.853224241,0.039637838,0.006827612,6.745861362,0.822191962,0.404166873,0.014764813,4.564308792,0.077243388,0.787478019,0.578270831,10.05097905
F_3_gr_7_July2021,44384,89,43101,1795.9,3_F,y_7.7,x_7.7,D3_grave,0.258271926,6.005,254.65,84.12635676,60.07691463,12.61239335,82.80376604,24.54665256,0.07238781,11.20120632,29.93795928,0.131574165,0.115922513,11.29114218,3.018151158,0.344099171,0.037038846,9.866597538,3.659295276,1.536560787,1.037843518,4.132130647
J_1_con_21_July2021,44398,103,51430,2142.9,1_J,a_con,y_7.21,D3_con,0.562910632,7.485,55.43,3.089231912,42.03806478,10.55970039,168.1197476,5.0028091,0.045398289,0.840751159,0.277043917,0.022042891,-0.000484471,8.092675139,1.468651338,0.539470778,-0.004706122,6.099841452,0.134374198,1.075189069,0.868932351,8.389627605
J_1_gr_21_July2021,44398,103,51430,2142.9,1_J,z_7.21,y_7.21,D3_grave,0.717513551,6.575,437.75,305.9802302,200.3914278,32.16186795,328.2617468,74.16753928,0.194053743,24.6325381,16.84555337,0.832655306,0.065503446,55.29283271,34.99453018,0.762772889,0.026219581,49.89623221,13.30940806,5.125323295,2.646522769,16.38114411
H_2_con_21_July2021,44398,103,51430,2142.9,2_H,a_con,y_7.21,D3_con,0.345577392,7.52,51.19,2.699203488,12.75001024,5.677572341,105.4447851,8.527409788,0.037633439,1.65918529,0.467749267,0.028286608,0.001359557,4.201193306,0.554422303,0.24981853,-0.006591615,3.018096431,0.117408895,0.326101397,0.467193774,5.261978398
H_2_gr_21_July2021,44398,103,51430,2142.9,2_H,z_7.21,y_7.21,D3_grave,0.280502723,5.94,316.85,193.8855715,110.8009474,13.92589295,112.7394565,42.68153159,0.150631358,32.17228036,17.77983053,0.312558998,0.208504333,28.39142519,9.459751293,0.36577825,0.015627665,25.75961925,8.433558557,2.833907035,1.145928241,5.626002119
F_3_con_21_July2021,44398,103,51430,2142.9,3_F,a_con,y_7.21,D3_con,0.348343046,7.57,149.45,1.80557801,25.1926651,8.729560922,240.3516371,3.492616898,0.063330597,1.039012408,0.307369215,0.010323077,0.001842432,8.041491565,0.745117853,0.286406709,0.023934449,5.457725036,0.078538324,0.6443417,0.718334575,11.99419318
F_3_gr_21_July2021,44398,103,51430,2142.9,3_F,z_7.21,y_7.21,D3_grave,0.27954747,6.02,200.55,53.85756739,29.62454157,13.90242973,85.26742606,59.90549633,0.042960249,25.16794667,6.476835328,0.132110669,0.036932494,11.83785521,1.377174441,0.28843636,0.018959798,10.2944641,2.342675346,0.757693853,1.143997509,4.255073909
J_1_con_4_Aug2021,44412,117,60306,2512.9,1_J,a_con,z_8.4,D3_con,0.308919605,7.035,59.465,2.497194426,32.02814491,9.871246213,145.4168735,3.80919381,0.034069172,0.660641233,0.216114261,0.01677986,-0.000198175,8.018250952,1.172447052,0.452480657,-0.000501358,6.191860141,0.108621984,0.819169757,0.812281112,7.256693125
J_1_gr_4_Aug2021,44412,117,60306,2512.9,1_J,za_8.4,z_8.4,D3_grave,0.53101158,6.875,665.15,398.0216377,148.9210841,25.12861437,273.763131,70.15026333,0.220161957,22.78280364,4.173485595,0.602548836,0.04800939,48.94865708,15.85380124,0.581703654,0.023113131,44.20625338,17.31298911,3.808888981,2.067773246,13.66151659
H_2_con_4_Aug2021,44412,117,60306,2512.9,2_H,a_con,z_8.4,D3_con,0.164742413,7.38,77.65,2.460588837,11.70891674,5.646205008,104.9728908,5.29112349,0.036633564,1.107298872,0.324642405,0.019810326,0.002919624,4.524187126,0.593671515,0.246063552,0.004442168,3.337035655,0.107029728,0.299473807,0.464612632,5.238429602
H_2_gr_4_Aug2021,44412,117,60306,2512.9,2_H,za_8.4,z_8.4,D3_grave,0.181179553,6.12,438.25,224.9478139,137.0179646,18.21279554,163.0060544,25.88465263,0.17183622,43.33421758,26.82448518,0.633328993,0.757261224,40.08145509,41.47739569,0.438166207,0.028718969,36.9042209,9.784691796,3.504448136,1.498687146,8.134440561
F_3_con_4_Aug2021,44412,117,60306,2512.9,3_F,a_con,z_8.4,D3_con,0.220283264,7.405,131.85,1.769467396,9.199354164,5.1328979,183.345617,3.538663414,0.044576738,0.779852481,0.345141601,0.005151906,0.000703208,5.905977738,0.382671553,0.33016648,0.004350659,3.932879434,0.076967599,0.23528783,0.422373824,9.149439442
F_3_gr_4_Aug2021,44412,117,60306,2512.9,3_F,za_8.4,z_8.4,D3_grave,0.248108832,5.945,264.25,75.11849405,45.58149459,12.41246959,90.89464041,21.95538583,0.180297016,9.888254587,29.16579869,0.244376359,0.80010683,11.32218713,1.616571982,0.211335513,0.028223178,9.833703005,3.267474796,1.165817813,1.021392273,4.535887041
J_1_con_9_Aug2021,44417,122,63234,2634.8,1_J,a_con,za_8.9,D3_con,0.229990384,7.135,44.47,3.105381875,38.77237831,10.72612608,160.2696553,3.304674447,0.04780971,0.649202096,0.213242017,0.019730705,-0.000187687,6.679183937,1.515403086,0.38429094,-0.003311764,4.869656831,0.135076683,0.991664044,0.88262712,7.997886887
J_1_gr_9_Aug2021,44417,122,63234,2634.8,1_J,zb_8.9,za_8.9,D3_grave,0.330603188,6.445,457.1,232.5553891,91.90713485,18.37852229,210.0586052,29.88939134,0.172168538,10.55273752,3.859935726,0.140606505,0.030814908,27.39282701,3.579133669,0.555000003,0.009941823,23.94847274,10.11560312,2.350668312,1.512324402,10.4824894
H_2_con_9_Aug2021,44417,122,63234,2634.8,2_H,a_con,za_8.9,D3_con,0.137934906,7.385,38.81,2.538430625,12.40546834,5.500330677,102.6408101,5.12065033,0.039762743,1.087390725,0.337633086,0.023077811,0.002082105,5.271175283,0.551479925,0.233341621,-0.00125767,4.049418723,0.11041566,0.3172892,0.452608984,5.122052501
H_2_gr_9_Aug2021,44417,122,63234,2634.8,2_H,zb_8.9,za_8.9,D3_grave,0.098934414,5.85,243.25,189.4234475,127.3575992,18.57843939,168.697679,58.45765863,0.225241212,47.23506468,31.36968874,0.356165182,0.603780453,28.18619415,13.46904625,0.397735245,0.027402227,25.22847805,8.239466839,3.257369226,1.528775099,8.418467937
F_3_con_9_Aug2021,44417,122,63234,2634.8,3_F,a_con,za_8.9,D3_con,0.175847508,7.405,66.07,1.591993921,18.91281764,5.87750081,169.6296157,5.590543376,0.042335549,1.080906452,0.641217856,0.014032341,0.003309207,5.761242308,0.478725737,0.339373908,0.010981524,3.914624495,0.069247927,0.483724807,0.483645407,8.464974085
F_3_gr_9_Aug2021,44417,122,63234,2634.8,3_F,zb_8.9,za_8.9,D3_grave,0.183662673,5.93,97.825,82.33011284,42.67009754,11.04898908,84.93870365,34.28210389,0.079704559,15.15825755,11.59287648,0.176695516,0.076945311,14.22322433,2.875030892,0.326164777,0.025225588,12.55903338,3.581162963,1.091354293,0.909194741,4.238669777
